dataset,predictive,split_method,fold,pearson,kendall_tau,rmse,overlap
landrum,assay,random,1,0.8078871572092844,0.6112758775788765,0.7624021004225262,100.0
landrum,assay,random,2,0.8055587591369209,0.6095932504770343,0.7636638411727299,100.0
landrum,assay,random,3,0.8043763731553489,0.6078515923920824,0.759044351571591,100.0
landrum,assay,random,4,0.8076919616592619,0.6115212420526144,0.7536409971833398,100.0
landrum,assay,random,5,0.8085015909898647,0.6131185786134897,0.7616535971646509,100.0
landrum,assay,random,6,0.8092091724433689,0.6130187957271407,0.7609831665238598,100.0
landrum,assay,random,7,0.8072660794647663,0.6106475464210652,0.7606703535976134,100.0
landrum,assay,random,8,0.8084898790115558,0.6137567220749636,0.7594086566602641,100.0
landrum,assay,random,9,0.8093378962653015,0.6124919939967318,0.7611958552791578,100.0
landrum,assay,random,10,0.810911301239107,0.6151171842910232,0.7518003477239216,100.0
landrum,assay,scaffold,1,0.7584786312034787,0.5598878838399046,0.8333279213594773,99.73656480505795
landrum,assay,scaffold,2,0.7690750970491917,0.5710457841831404,0.8319886240120046,99.91208018287323
landrum,assay,scaffold,3,0.7692604089441862,0.5719835161990549,0.8280718585859791,99.87268097489996
landrum,assay,scaffold,4,0.7584656348156151,0.5628923284554167,0.8408035420083335,99.80496453900709
landrum,assay,scaffold,5,0.7723737130020947,0.5722103951877554,0.8326970889886033,99.85800496982606
landrum,assay,scaffold,6,0.7594608939860168,0.562636751317443,0.8416133993234366,99.85721934677852
landrum,assay,scaffold,7,0.7555854099292569,0.5597505467295907,0.8387956262212429,99.82272646693848
landrum,assay,scaffold,8,0.7711765805888506,0.5731974486281105,0.8299585442081353,99.76220962136455
landrum,assay,scaffold,9,0.7796503868871206,0.5859717674249665,0.8159871671286345,99.96427933559563
landrum,assay,scaffold,10,0.761230424979994,0.560185147675864,0.8394212609169551,99.71504897595726
landrum,assay,butina,1,0.7773981297881667,0.5797206219277864,0.8165871441427806,99.88698436617065
landrum,assay,butina,2,0.7665897884120483,0.5701036973842287,0.8274607960810928,99.79473782422093
landrum,assay,butina,3,0.7575790913675517,0.5592523734096785,0.8381721775450284,99.75517890772127
landrum,assay,butina,4,0.7569222737661939,0.557273045503162,0.8368629437288633,99.89161849710982
landrum,assay,butina,5,0.7443791400505002,0.5515200858044326,0.8698542548183169,99.85291413862842
landrum,assay,butina,6,0.7599975928410813,0.5646237829425885,0.8486623321621214,99.74025974025975
landrum,assay,butina,7,0.771841828802891,0.5736976902852224,0.8214407768714707,99.87020211385129
landrum,assay,butina,8,0.7675499796744936,0.5709357551446571,0.8163719103379125,99.85032740879326
landrum,assay,butina,9,0.7749269122674818,0.5785494859206856,0.826176287425532,99.85085756897838
landrum,assay,butina,10,0.7476547106574741,0.5534411248110481,0.8738357650310965,99.83766233766234
landrum,scaffold,random,1,0.6796885765062126,0.4882423083368065,0.9540482535722612,77.82917052112242
landrum,scaffold,random,2,0.6762260356849438,0.48646924008924836,0.955831290361561,78.10152098222467
landrum,scaffold,random,3,0.6727118515578141,0.48228762340480186,0.9516058604194937,77.36455180082783
landrum,scaffold,random,4,0.6765031789238382,0.4845543547897072,0.94739059745002,78.09594186834164
landrum,scaffold,random,5,0.6773367806259214,0.48826284153797583,0.9581464565768519,78.49907350216183
landrum,scaffold,random,6,0.6789570453040751,0.4886075068475071,0.9569321294589764,78.17293419099455
landrum,scaffold,random,7,0.6728551760115451,0.48265086127503387,0.9606898810688472,78.41110635435142
landrum,scaffold,random,8,0.6762155504134185,0.4851525988812098,0.9568082202834599,77.95675874318614
landrum,scaffold,random,9,0.6850851663168199,0.4910770598220811,0.9486623433784226,78.24804963449843
landrum,scaffold,random,10,0.6770132774773853,0.4861399914842952,0.9513922144716966,77.64055299539172
landrum,scaffold,target,1,0.3232546735717959,0.2117393972834388,1.2604415847435175,38.540077455697684
landrum,scaffold,target,2,0.2660078947447221,0.19877159290986068,1.3435246290519454,40.79972890545578
landrum,scaffold,target,3,0.2658141836793894,0.18520306353261123,1.2954175539036326,35.48702356390487
landrum,scaffold,target,4,0.3263997319939449,0.21130927589102855,1.329871595232287,32.530267824385476
landrum,scaffold,target,5,0.2695781758825931,0.1699783790890747,1.2022790199772067,32.74542429284526
landrum,scaffold,target,6,0.24415708720187082,0.15705289455225363,1.287006787619493,41.253466444814194
landrum,scaffold,target,7,0.32365865899215596,0.22153113921431442,1.2753905213671723,39.612697634514035
landrum,scaffold,target,8,0.2372312379144544,0.1656807828215515,1.3037528669661183,31.562918747715923
landrum,scaffold,target,9,0.3141670190099943,0.216480646325836,1.2964757643737652,38.88081395348838
landrum,scaffold,target,10,0.2953982840989139,0.19322798062905913,1.2564357737447251,39.456240871812156
landrum,scaffold,butina,1,0.5470897183796027,0.3793865317327984,1.0889730669672095,41.155080213903744
landrum,scaffold,butina,2,0.5306337862156825,0.36216342752044656,1.0966404094376958,40.28623304496422
landrum,scaffold,butina,3,0.5123554415023631,0.3457311570375873,1.1057421091713195,40.105136348702224
landrum,scaffold,butina,4,0.5135405389782031,0.3555151096685328,1.1010785724750176,39.77141658802558
landrum,scaffold,butina,5,0.5212206218896718,0.3594788069124497,1.112886118277683,40.257754477937965
landrum,scaffold,butina,6,0.5132408704592474,0.3479705502860916,1.126479765215936,39.50032306698256
landrum,scaffold,butina,7,0.4944036583186332,0.33392756658949196,1.1321393043757142,39.956498096791734
landrum,scaffold,butina,8,0.5314181701655256,0.3786173091190298,1.0836291444734885,39.629980027331015
landrum,scaffold,butina,9,0.528558946217058,0.36887027987435256,1.112244640007627,40.19390873643165
landrum,scaffold,butina,10,0.5160184255240501,0.3535775360663988,1.1277937316466846,39.90635309141216
landrum,target,random,1,0.5709359295831595,0.38830385566408027,1.0618597964088055,100.0
landrum,target,random,2,0.5694149136800782,0.38530201684819,1.0592058627528622,100.0
landrum,target,random,3,0.5581203589821004,0.37788831691172514,1.059669725632346,100.0
landrum,target,random,4,0.5646351759939751,0.38177974481983606,1.0546375276636752,100.0
landrum,target,random,5,0.5639989255708422,0.38498980426402085,1.06854348804299,100.0
landrum,target,random,6,0.5625364048187746,0.3819027322663277,1.0707795678201282,100.0
landrum,target,random,7,0.5629363077949608,0.38043661549840796,1.0649898800034623,100.0
landrum,target,random,8,0.5677221438601475,0.3865351867405643,1.0619652778458155,100.0
landrum,target,random,9,0.5640979792335987,0.3853011561410748,1.0698483793590174,100.0
landrum,target,random,10,0.5709394589739826,0.3903653739785051,1.0544833015511381,100.0
landrum,target,scaffold,1,0.5179053212715328,0.3553130519445828,1.0889380550511234,100.0
landrum,target,scaffold,2,0.5297524884195277,0.35570056996139304,1.1015901990663994,99.92175273865415
landrum,target,scaffold,3,0.5401939360678014,0.36448408944390237,1.085425266439383,100.0
landrum,target,scaffold,4,0.5250676813119657,0.3537553930417205,1.0936291569249306,99.84101748807632
landrum,target,scaffold,5,0.5218806935756097,0.35636974590077275,1.1142408228945668,99.84051036682615
landrum,target,scaffold,6,0.5312864224587244,0.36045632224832624,1.0890284759169995,99.83948635634029
landrum,target,scaffold,7,0.555712498083877,0.3819617051782304,1.059510248520605,99.92313604919293
landrum,target,scaffold,8,0.564121252692496,0.38496977379211367,1.073040044070473,99.67741935483872
landrum,target,scaffold,9,0.5421426730425001,0.36449196025293606,1.0902610103650938,100.0
landrum,target,scaffold,10,0.5517401183243102,0.369339594818643,1.0754218080106148,99.9194847020934
landrum,target,butina,1,0.5338688641174414,0.3569931080043349,1.0948019236607172,99.91850040749797
landrum,target,butina,2,0.5322998821230848,0.360628870670719,1.0870526704702845,99.8372660699756
landrum,target,butina,3,0.5293278257629848,0.34990873852698384,1.0844443251425662,99.60317460317461
landrum,target,butina,4,0.5330355776318456,0.3646001441596806,1.0760354882723795,99.92069785884219
landrum,target,butina,5,0.5169396107309805,0.3468385096009045,1.1110855101628359,99.9203187250996
landrum,target,butina,6,0.5262065523643035,0.3598710538211612,1.107460563586406,99.75510204081633
landrum,target,butina,7,0.5320636214102333,0.3631220267492759,1.0914315606116267,100.0
landrum,target,butina,8,0.5155786663768478,0.3474903012587743,1.08954782058636,99.76322020520915
landrum,target,butina,9,0.5514108931156108,0.38043528481538513,1.086456453854061,99.83619983619984
landrum,target,butina,10,0.5319730877785561,0.360758736435108,1.1076819780944678,100.0
